name,score
1 (minLog_CoEvolve) 5,7.86479255460058
1 (minLog_CoEvolve) 6,3.40653250890684
4 (minLog_CoEvolve) 6,3.5417674499279
5 (minLog_CoEvolve) 6,3.41159655659971
6 (minLog_CoEvolve) 8,3.47334576653664
12 (minLog_CoEvolve) 13,7.86479255460058
