name,score
1 (minLog_CoEvolve) 6,7.9007879108122
3 (minLog_CoEvolve) 5,6.20181789265223
6 (minLog_CoEvolve) 7,3.42046469650025
7 (minLog_CoEvolve) 10,3.48711938862434
14 (minLog_CoEvolve) 15,7.9007879108122
