name,score
1 (minLog_CoEvolve) 6,7.83704275560201
1 (minLog_CoEvolve) 7,3.92232946603533
3 (minLog_CoEvolve) 5,4.80523048449351
13 (minLog_CoEvolve) 14,7.83704275560201
